Product_ID,Date,Forecast_Week,SARIMA_Forecast,Prophet_Forecast,Prophet_Lower,Prophet_Upper
6534178,2021-12-22,1,5331.408067854703,4837.833106281522,3772.9060292391027,5907.9881337922525
6534178,2021-12-29,2,5093.829016316695,4813.145851882197,3785.3030734972517,5878.075183395985
6534178,2022-01-05,3,5198.1000707697485,4623.276507023746,3594.051436858753,5619.848973448767
6534178,2022-01-12,4,5152.3365544733115,4403.902334944752,3457.481054092687,5435.923344552139
6534178,2022-01-19,5,5172.421701159511,4300.784821548434,3270.537368803846,5353.527956019146
6534178,2022-01-26,6,5163.606532438799,4354.250649084565,3306.4865845272266,5317.1285309097975
6534178,2022-02-02,7,5167.475421264391,4494.00588199582,3414.70940590112,5580.378478389472
6534178,2022-02-09,8,5165.777404899755,4626.307467004102,3604.6212684857883,5581.967453275862
6534178,2022-02-16,9,5166.5226471914175,4717.843086482596,3689.448042392538,5850.874620932099
6534178,2022-02-23,10,5166.1955678505765,4800.949412578307,3770.350080291955,5853.290192825984
6534178,2022-03-02,11,5166.339119681172,4909.202081774476,3846.7328923945397,5969.697681170573
6534178,2022-03-09,12,5166.276116227593,5018.767263232404,4056.1668823938176,6061.66163625979
6533889,2021-12-22,1,503.6814858396828,622.1469649612421,480.79980234945,760.3427987699305
6533889,2021-12-29,2,503.6814858396828,625.9159101006862,485.9695507770607,768.68649548323
6533889,2022-01-05,3,503.6814858396828,572.811213408817,426.77986966985327,705.4538551189816
6533889,2022-01-12,4,503.6814858396828,517.6360406817112,379.2797256189984,653.525071786549
6533889,2022-01-19,5,503.6814858396828,502.5833074954866,358.1895291109866,639.3387645737575
6533889,2022-01-26,6,503.6814858396828,518.308447705606,378.54989382376453,664.9268389873167
6533889,2022-02-02,7,503.6814858396828,529.0469273577069,379.1930133279475,674.8580055872823
6533889,2022-02-09,8,503.6814858396828,522.1141595867955,382.0823692656234,661.7555679761847
6533889,2022-02-16,9,503.6814858396828,519.686543993058,373.81795293076755,648.7272410349825
6533889,2022-02-23,10,503.6814858396828,544.1226138517507,402.4132211376783,680.5190692216609
6533889,2022-03-02,11,503.6814858396828,586.0099455535445,437.5399926863205,727.7120198643141
6533889,2022-03-09,12,503.6814858396828,616.1185432146508,475.01384287652195,766.9223959490038
1029743,2021-12-22,1,401.0154407393659,416.7228995763983,239.63830812080744,601.5787249765245
1029743,2021-12-29,2,493.017631227832,412.6356516429835,236.50301421159648,572.8988582020268
1029743,2022-01-05,3,458.0708343665357,400.6033511297841,231.5171720280704,557.0561296238599
1029743,2022-01-12,4,488.7743180068718,352.8909421192763,183.9277770559049,520.4605058936653
1029743,2022-01-19,5,460.40654250300247,309.0249065656145,131.85925533856,484.3256142517192
1029743,2022-01-26,6,475.11058975946844,325.0831548719725,156.7010679293077,495.22232759450594
1029743,2022-02-02,7,464.17420507356184,394.8497875019514,209.0210261948254,563.2352804922317
1029743,2022-02-09,8,473.35029339031706,446.3448073793077,272.60581350204177,604.524515074957
1029743,2022-02-16,9,467.78118832665626,424.2157740137737,261.107203383047,590.0266377174361
1029743,2022-02-23,10,471.7101369344089,358.61395259447374,189.32065614670273,529.3766135287568
1029743,2022-03-02,11,468.6357914587289,332.7628240306746,148.243609878198,515.5615527018465
1029743,2022-03-09,12,470.6579197153457,383.89613533737906,220.066506316719,553.1392766980409
6534166,2021-12-22,1,314.99549610764916,499.0068125204486,359.28475750985854,643.6736634569885
6534166,2021-12-29,2,320.05722642606685,528.654774495196,391.57469878796303,677.7036525513796
6534166,2022-01-05,3,323.9918127532154,482.79656914900215,337.0709448494531,623.9363063497632
6534166,2022-01-12,4,327.05024704187264,394.88267719808294,263.77907670496074,535.486757230126
6534166,2022-01-19,5,329.4276304616979,328.0038573135688,192.18724319842354,484.0333394465968
6534166,2022-01-26,6,331.2756191354521,317.95588166108956,171.77143316110306,464.8898677993158
6534166,2022-02-02,7,332.712098463879,351.8347698515645,193.69183939552335,493.84985322617933
6534166,2022-02-09,8,333.8287031759662,392.8466509545184,245.54676302834355,531.5456161537886
6534166,2022-02-16,9,334.696662817558,415.07286113745243,261.83991820858415,552.741545202186
6534166,2022-02-23,10,335.37134556900713,414.56416872065665,271.7290988454323,551.8320410596642
6534166,2022-03-02,11,335.89579024741204,399.4976199172006,248.76410743655842,541.5661610469573
6534166,2022-03-09,12,336.30345180407176,381.4746498159422,236.98069761663567,528.3864326204819
1082185,2021-12-22,1,306.2796188391797,330.2962561053053,283.0130433483643,377.2831797094684
1082185,2021-12-29,2,308.9047618321436,337.05010793666975,291.18781668640605,382.0403868188385
1082185,2022-01-05,3,311.5299048251075,320.26055383381237,279.7324795911049,363.4087511732474
1082185,2022-01-12,4,314.1550478180714,288.3613362286361,242.83365736305902,335.3625645892453
1082185,2022-01-19,5,316.7801908110353,265.4583022692064,220.76747291912662,310.8815637247417
1082185,2022-01-26,6,319.4053338039992,269.14373200779903,223.70549444947065,315.6397521431835
1082185,2022-02-02,7,322.0304767969631,292.384367274396,245.980678647007,338.79211809110893
1082185,2022-02-09,8,324.655619789927,310.2127833264767,263.52981621332503,355.1368714433421
1082185,2022-02-16,9,327.2807627828909,306.0441835730713,259.3377452190436,351.03736454639073
1082185,2022-02-23,10,329.9059057758548,289.62395794499,243.10979193000964,338.78143955722584
1082185,2022-03-02,11,332.5310487688187,286.2763625068735,240.0268183668297,330.9657892563032
1082185,2022-03-09,12,335.1561917617826,308.63717702327665,260.2939068964445,353.61269227376044
916122,2021-12-22,1,346.69389717748476,402.16580847967225,197.83978344382624,607.9688875379708
916122,2021-12-29,2,288.2776714761256,393.77854518690884,191.99891315412125,610.4005391686894
916122,2022-01-05,3,286.843998942427,334.1951369715045,120.72145220044719,550.6073426210702
916122,2022-01-12,4,285.4174563987944,261.4157909391636,62.90369458523429,456.8140333447052
916122,2022-01-19,5,283.9980083861135,226.826487751731,28.718151055282128,447.82825124486095
916122,2022-01-26,6,282.58561962161633,244.82350228774487,23.543649673689078,445.1025882172926
916122,2022-02-02,7,281.1802549980046,280.67881700421606,80.10244040902806,491.54571235772903
916122,2022-02-09,8,279.7818795825767,293.23056724330104,94.10596007419173,493.61515897626464
916122,2022-02-16,9,278.3904586163597,284.7277972893616,83.04546630707524,487.40303569461446
916122,2022-02-23,10,277.005957513245,297.0287897695601,94.34129553408802,484.8088853604523
916122,2022-03-02,11,275.62834185912897,354.2553130412179,149.54477646842946,559.2155338184457
916122,2022-03-09,12,274.2575774110574,419.83653855569725,208.8585761208995,625.9131742648808
6533765,2021-12-22,1,379.58490667425207,401.9182581544924,301.7939536810707,504.85031063945
6533765,2021-12-29,2,383.2740756890503,440.9864373192407,342.6059681196701,542.604211035797
6533765,2022-01-05,3,386.9632447038485,454.1790970682915,348.92666045112435,563.5074617577176
6533765,2022-01-12,4,390.6524137186467,445.0661884355081,339.98788184536295,549.9260118644701
6533765,2022-01-19,5,394.3415827334449,441.58899266802837,344.82434950911875,554.4051957275061
6533765,2022-01-26,6,398.0307517482431,463.104585796533,355.11594127712135,570.2349071292695
6533765,2022-02-02,7,401.71992076304133,499.2809968825132,400.9178985523208,603.0492502742792
6533765,2022-02-09,8,405.40908977783954,522.4386233828596,417.45244536438815,629.7853427068825
6533765,2022-02-16,9,409.09825879263775,517.0424757789948,406.3628872343884,617.8677955021022
6533765,2022-02-23,10,412.78742780743596,493.6821548801622,393.9840884192446,593.845252882869
6533765,2022-03-02,11,416.47659682223417,475.9008681273816,373.4207421589861,592.8968456209154
6533765,2022-03-09,12,420.1657658370324,478.51879292525723,366.66588915898785,590.5762654526912
1106523,2021-12-22,1,258.1978294277654,310.1138382068001,208.090019785548,409.0430313145515
1106523,2021-12-29,2,335.3007356878521,313.7801609827886,213.20462404913016,414.6427190280722
1106523,2022-01-05,3,282.06283616480897,294.13600906538096,191.92860469605475,389.1096765876097
1106523,2022-01-12,4,301.37479021957,255.0501584361981,154.371443088592,353.0014859425519
1106523,2022-01-19,5,314.82560380343875,228.76401384163745,119.9515867552967,329.65644362417146
1106523,2022-01-26,6,278.5424253940461,239.8932780418941,142.53875701493553,341.7889678651728
1106523,2022-02-02,7,323.354657490897,275.9476432255036,172.8851126234572,376.18227143310594
1106523,2022-02-09,8,283.9324755533585,299.57807329580544,203.35723113337122,397.2569636781622
1106523,2022-02-16,9,308.1753678000577,289.68515231234585,192.5412395587552,392.1223694972891
1106523,2022-02-23,10,302.8719533640266,264.49589697058576,163.92262638114065,364.2914246552932
1106523,2022-03-02,11,291.38809265441233,259.7752505878047,150.5601323354077,356.66793801209406
1106523,2022-03-09,12,313.31119493679444,286.83551540554254,186.44914151522616,388.15952048826773
995242,2021-12-22,1,383.7375280895332,395.4366404058113,187.20271619314326,608.657285796695
995242,2021-12-29,2,234.12902968408878,389.56994962895266,171.96661051988715,604.1745331639407
995242,2022-01-05,3,343.89826302575227,378.07972987897796,156.07321305388712,600.6203185099254
995242,2022-01-12,4,271.26007537806277,371.8228603425039,156.87499570308478,586.0899123514162
995242,2022-01-19,5,320.88503330310635,353.3340538699067,146.90599279211887,563.7888397315246
995242,2022-01-26,6,286.1679583248599,308.7586557964881,84.3062429186391,516.6716057003964
995242,2022-02-02,7,308.6378256317861,261.31885864254053,48.99554838658234,484.1684574796769
995242,2022-02-09,8,291.9328168331413,256.2337380302176,45.72000983719715,461.36742046533084
995242,2022-02-16,9,301.90282892204635,308.0951041205327,96.87757866504538,524.3462341564194
995242,2022-02-23,10,293.6476631876401,374.64118040845943,160.00345288156356,590.4083439448782
995242,2022-03-02,11,297.82342096373145,396.2610181654003,178.0190135965423,614.436567125675
995242,2022-03-09,12,293.5159830371183,362.3495958970563,159.96996739062635,588.8364703336273
5569230,2021-12-22,1,231.87803921568636,345.3865854675816,114.49131719430414,602.1664237170942
5569230,2021-12-29,2,231.87803921568636,297.4249764687016,43.53537645035498,535.0100924978851
5569230,2022-01-05,3,231.87803921568636,228.55040381391038,-4.3841887062138225,473.345863560754
5569230,2022-01-12,4,231.87803921568636,205.8145601958304,-25.665560012631392,460.87961136823384
5569230,2022-01-19,5,231.87803921568636,247.91168841826777,-8.486409367884956,476.8468355626373
5569230,2022-01-26,6,231.87803921568636,296.0576493856183,43.82757134591687,534.1886847931632
5569230,2022-02-02,7,231.87803921568636,287.85730020523573,31.61559181566878,530.5157713900691
5569230,2022-02-09,8,231.87803921568636,241.16412214809674,-14.011306953573325,481.4022625185842
5569230,2022-02-16,9,231.87803921568636,234.0996982466588,-9.241291658754186,464.774428809114
5569230,2022-02-23,10,231.87803921568636,299.1451120894326,58.961689021506835,530.7253736463908
5569230,2022-03-02,11,231.87803921568636,367.31492884138754,124.64441131563035,590.9881243455276
5569230,2022-03-09,12,231.87803921568636,344.85820784666794,89.71244858804253,603.7927250391558
844179,2021-12-22,1,249.61841457249136,231.54918625329296,53.13678635881572,418.3553871764337
844179,2021-12-29,2,248.97611151094856,240.62775843017624,74.37481578554528,409.74754454358333
844179,2022-01-05,3,248.3354611849364,266.20401545151964,84.24383428373021,439.1355667338046
844179,2022-01-12,4,247.69645934173542,275.47569171280537,105.03486142721414,483.611821054129
844179,2022-01-19,5,247.059101739569,245.59614352520805,65.24656707025514,424.4576852817782
844179,2022-01-26,6,246.42338414757518,185.96801704376233,-2.415032371381025,373.8352530046958
844179,2022-02-02,7,245.78930234577862,137.63445632814677,-38.41192055929945,323.286380119959
844179,2022-02-09,8,245.15685212506256,140.43053338870885,-40.049509498494224,306.6192157658056
844179,2022-02-16,9,244.5260292871409,193.50961091249894,3.3261691338975465,374.8155662110214
844179,2022-02-23,10,243.8968296445303,251.68609429789362,66.12751658305167,427.5436836692608
844179,2022-03-02,11,243.2692490205224,267.96272595860114,86.59671422302613,463.6118515594616
844179,2022-03-09,12,242.64328324915613,240.17762782395081,51.26073463233239,413.4322309647969
1044078,2021-12-22,1,185.25911764705884,347.93485897205227,169.84279861730283,533.0274449785703
1044078,2021-12-29,2,185.25911764705884,372.68911351953307,182.60578406863976,541.9682869828573
1044078,2022-01-05,3,185.25911764705884,347.39462521225374,158.47636415840364,525.8134781386776
1044078,2022-01-12,4,185.25911764705884,272.6204201131166,99.65114403453677,474.77346832389526
1044078,2022-01-19,5,185.25911764705884,192.65985071022962,17.2197849170084,384.36946903087636
1044078,2022-01-26,6,185.25911764705884,167.35246223415768,-11.930260948711016,341.81024597997214
1044078,2022-02-02,7,185.25911764705884,212.20213496882164,37.591209680890586,391.28948764067684
1044078,2022-02-09,8,185.25911764705884,273.6446957254952,102.90246253107387,449.60634487507
1044078,2022-02-16,9,185.25911764705884,278.95396096983774,100.97673360385701,458.77995018248583
1044078,2022-02-23,10,185.25911764705884,214.3272737127005,38.567172924867776,394.9457068880549
1044078,2022-03-02,11,185.25911764705884,144.03313176563825,-38.97979271263139,318.9755594910928
1044078,2022-03-09,12,185.25911764705884,145.23415245644432,-50.69769605521543,324.7053616939919
1127831,2021-12-22,1,-0.7042528359312797,229.28034978864807,95.14292631176168,362.70979686376864
1127831,2021-12-29,2,6.134628902627126,301.29858434968617,174.64552240851634,436.1141261248139
1127831,2022-01-05,3,-0.36651544849136997,310.10715018938436,181.26441830226537,451.5035203103097
1127831,2022-01-12,4,5.813570637189226,260.5274058101208,125.13903364830226,390.1383870890691
1127831,2022-01-19,5,-0.06131260853533327,211.7494516473178,68.90572290562324,353.5395861890142
1127831,2022-01-26,6,5.523440204352737,216.57786218933822,79.50050489892446,351.72647689640576
1127831,2022-02-02,7,0.2144897662722327,269.90126347780983,138.0854142513072,397.75997254348937
1127831,2022-02-09,8,5.261258298077628,321.11098482305573,189.72957177253178,456.8494969886098
1127831,2022-02-16,9,0.46372384928551735,332.34793325031166,197.73193823559123,459.6038775105556
1127831,2022-02-23,10,5.024332611564796,315.14950225544226,182.52392286940247,449.7526234922011
1127831,2022-03-02,11,0.6889489880422595,307.9782624073247,166.41585406108257,440.15113150263875
1127831,2022-03-09,12,4.810230190360051,327.53224609220325,200.71062482492286,459.13062507173703
1133018,2021-12-22,1,184.37049184552046,219.462088175389,99.39039893435604,344.7419691320025
1133018,2021-12-29,2,115.86667972068258,207.81611253965752,78.69171278768201,333.0918590717086
1133018,2022-01-05,3,163.53193760097577,202.10966034695446,71.19315595497216,324.90250413881864
1133018,2022-01-12,4,132.3503466053771,207.6704356679533,86.37118882614142,327.70648853708263
1133018,2022-01-19,5,153.8077308797499,203.26124545340608,78.4193205281276,328.9995323755084
1133018,2022-01-26,6,139.64324910973744,173.61018247569032,49.94457370260888,295.03951156148406
1133018,2022-02-02,7,149.31803628050307,138.29859820158174,20.954337359527667,267.5935160935091
1133018,2022-02-09,8,142.8924269383873,136.10424626110614,10.686969288351568,262.16613039680016
1133018,2022-02-16,9,147.25933670460668,179.07486115157096,53.59927940762255,310.72454632034004
1133018,2022-02-23,10,144.34705499613307,231.82283733567004,105.49152109705989,355.47474281032714
1133018,2022-03-02,11,146.31958688634074,245.80373383617226,123.43726805451543,360.19942599210185
1133018,2022-03-09,12,145.00045706511582,213.26140789028767,84.98764688134355,335.1090908874589
874972,2021-12-22,1,152.09315087525835,102.04796904905636,-40.43410486914644,236.55951631047736
874972,2021-12-29,2,152.09315087525835,103.14412626129516,-41.197580430919885,234.64941168011362
874972,2022-01-05,3,152.09315087525835,131.69838191704127,-11.537549186928027,272.43935854512523
874972,2022-01-12,4,152.09315087525835,178.0766284526404,32.73371993991277,321.4311138311869
874972,2022-01-19,5,152.09315087525835,217.8614051809983,69.86748191744697,361.9590940290041
874972,2022-01-26,6,152.09315087525835,225.020392636784,89.07514259897907,367.68532761764885
874972,2022-02-02,7,152.09315087525835,198.975001967349,50.555902327848905,329.0657101225989
874972,2022-02-09,8,152.09315087525835,175.55498719303546,41.76577126114158,310.3240341565601
874972,2022-02-16,9,152.09315087525835,197.685232278551,60.55449331011421,335.44928569407483
874972,2022-02-23,10,152.09315087525835,267.7331346177195,123.81336435794923,402.67558707821377
874972,2022-03-02,11,152.09315087525835,335.79006837693527,187.4002109592027,478.55259597857975
874972,2022-03-09,12,152.09315087525835,346.95256171125664,209.55819123330767,499.69780826927524
1126899,2021-12-22,1,147.67977562319703,196.17333418605375,139.8109800895238,252.85527680795627
1126899,2021-12-29,2,206.50860784187904,194.87703840431973,143.17015304200098,249.75942953867317
1126899,2022-01-05,3,163.9451986874767,177.57000764696332,125.19350692299318,228.27662997623287
1126899,2022-01-12,4,202.33828600957656,145.33449004112484,89.80039054459925,200.65355556156055
1126899,2022-01-19,5,175.69915150856272,118.92897166028112,64.46668680417758,174.97604198672317
1126899,2022-01-26,6,193.9022276773901,119.59287580410462,66.94869166697019,176.16362158178126
1126899,2022-02-02,7,179.13193548051458,144.27880110481053,91.06838796658207,202.2011894272265
1126899,2022-02-09,8,190.24890706746663,166.15325993208788,112.10110106782003,221.54624777067156
1126899,2022-02-16,9,182.43824699647385,163.0669184389768,106.27293032281135,215.86508019705505
1126899,2022-02-23,10,188.36877660299822,142.0307182365782,86.66510460466874,195.3339201227244
1126899,2022-03-02,11,183.83918769258094,130.23559696290147,76.99623793808902,181.699184447607
1126899,2022-03-09,12,187.1288371671854,142.37300334610381,87.56249086932746,199.34574427085607
1005186,2021-12-22,1,162.68244795026752,170.9198310068788,131.27466251296113,209.50822735830164
1005186,2021-12-29,2,151.25272621211394,165.06847495254968,126.0196286957265,203.8775417537336
1005186,2022-01-05,3,144.510515209773,150.5110496504486,112.16769212491177,191.74454240547456
1005186,2022-01-12,4,148.58018550045026,132.20167010428273,94.20181680625424,170.17439024852033
1005186,2022-01-19,5,152.5296777583166,119.78626040866351,80.4287875640587,156.03224188552736
1005186,2022-01-26,6,151.3787562266781,120.0305095961867,82.13451283296367,158.0305629737992
1005186,2022-02-02,7,149.3025354652763,130.11562315165654,90.11817789725998,171.22523850110719
1005186,2022-02-09,8,149.4433765905065,139.737116045782,101.35645537070401,176.12872261724618
1005186,2022-02-16,9,150.44548344580673,141.33270513102022,105.10566485978529,176.7255731258436
1005186,2022-02-23,10,150.5722311514312,137.85701568886196,98.58960718443458,177.11263588684335
1005186,2022-03-02,11,150.1260362892482,138.86374963243975,98.4319961498856,178.50999944272655
1005186,2022-03-09,12,149.9806310678155,148.65865062490388,107.85733100099138,188.76363537151036
5569471,2021-12-22,1,126.10852941176475,183.93641114827633,11.53872324071702,358.5854143259559
5569471,2021-12-29,2,126.10852941176475,170.51180406928273,6.33552133098551,345.5939545684148
5569471,2022-01-05,3,126.10852941176475,128.84664618630063,-44.89656016256258,296.4512851892249
5569471,2022-01-12,4,126.10852941176475,102.85776018040593,-65.10394282121763,274.20929407022663
5569471,2022-01-19,5,126.10852941176475,119.25811331428585,-51.58410270867526,285.7661684308812
5569471,2022-01-26,6,126.10852941176475,150.95620954872953,-20.48071905388506,319.712565923517
5569471,2022-02-02,7,126.10852941176475,154.16285425827698,-11.223647910925205,331.4649845964333
5569471,2022-02-09,8,126.10852941176475,129.98127765297113,-43.81655208476916,304.75099351313594
5569471,2022-02-16,9,126.10852941176475,125.24371180723566,-53.255664317487266,296.8093141789615
5569471,2022-02-23,10,126.10852941176475,166.37061267269308,0.8954960346186965,348.35842024531047
5569471,2022-03-02,11,126.10852941176475,212.89769484774484,36.67339067763974,374.92067875448123
5569471,2022-03-09,12,126.10852941176475,199.46697173843248,29.918026177789187,372.8353264070078
1070820,2021-12-22,1,141.39655544126109,153.8530298422708,101.0268524857787,203.71835292178005
1070820,2021-12-29,2,155.23643635162543,154.66224833070336,107.4009667911831,203.89286328375383
1070820,2022-01-05,3,143.4576143064879,139.52108233981394,89.02484601882348,188.05077830564804
1070820,2022-01-12,4,149.87361374715297,115.11283295403356,64.0649636401096,165.31054156806806
1070820,2022-01-19,5,143.46342312552034,106.37089803339799,54.989173949897925,155.73641694415136
1070820,2022-01-26,6,146.187884125548,126.75760932639274,76.76007857257382,177.83241467531997
1070820,2022-02-02,7,142.4974729550194,158.7906182136029,111.1537626204826,207.4019317394382
1070820,2022-02-09,8,143.3995252303423,170.88577721701202,119.49510858234876,218.5441761278593
1070820,2022-02-16,9,141.09953480273404,152.76349114196157,101.99391132068592,200.9980793101646
1070820,2022-02-23,10,141.11447904493738,127.58143900189495,79.77137045987985,176.06586170194032
1070820,2022-03-02,11,139.53703211100205,125.33812879507181,75.05916895580741,173.6658388046258
1070820,2022-03-09,12,139.13218303051795,148.21040690925417,102.01195041629003,196.14243740826424
951590,2021-12-22,1,108.56016849916043,132.03073934332662,97.04615677550574,166.76785082615052
951590,2021-12-29,2,99.64381712515085,135.22551139965375,98.82714933589351,169.43555698108446
951590,2022-01-05,3,93.00607127194455,127.6066188209152,94.76062473272209,165.54374308808616
951590,2022-01-12,4,88.06462513959633,112.2998195260006,76.83113651104583,145.9851206599803
951590,2022-01-19,5,84.38598326042519,98.58714137145529,61.95459507283031,131.6140087136101
951590,2022-01-26,6,81.6474314857525,92.37214696480528,56.25373619699744,125.7408155099113
951590,2022-02-02,7,79.60872642315132,91.17753204904258,59.43964369865181,125.90627298879322
951590,2022-02-09,8,78.09101973937958,88.8609536271585,56.0868257118332,124.86347705002179
951590,2022-02-16,9,76.96116843316538,83.89662214169735,51.46123374037566,116.40641904671206
951590,2022-02-23,10,76.12005467396295,81.26521473332235,48.27632506825735,116.70359179006165
951590,2022-03-02,11,75.49389054773808,86.05667626133058,52.53696948833185,118.8877296718523
951590,2022-03-09,12,75.02774490610365,96.85519014799216,60.67295501438089,129.47842595009573
866211,2021-12-22,1,131.83512295398742,198.45142924686883,148.09453966780305,246.6544313807327
866211,2021-12-29,2,131.83512295398742,213.9270981276706,165.50908388418543,263.461306601616
866211,2022-01-05,3,131.83512295398742,199.73408019209757,146.4805132974866,251.30799054607365
866211,2022-01-12,4,131.83512295398742,161.69067661244813,112.41052591105372,214.14900699445005
866211,2022-01-19,5,131.83512295398742,130.55049450800124,77.30468546286868,181.64462118436234
866211,2022-01-26,6,131.83512295398742,130.78795797476403,78.94761570229127,182.34613186926512
866211,2022-02-02,7,131.83512295398742,154.36548143774434,101.97049460630147,201.99011598771486
866211,2022-02-09,8,131.83512295398742,169.45346505239704,115.18500253208316,221.97862963742696
866211,2022-02-16,9,131.83512295398742,155.2575978929553,103.61168786109177,207.8589700062574
866211,2022-02-23,10,131.83512295398742,124.29538318645558,71.98032430827732,179.02361433258577
866211,2022-03-02,11,131.83512295398742,107.5698501335317,57.65020730192827,156.78808753164242
866211,2022-03-09,12,131.83512295398742,120.16330521554701,69.68955268990373,170.5294262375601
981760,2021-12-22,1,128.8365902442593,170.37797984768588,119.85303604842156,224.98485602946562
981760,2021-12-29,2,132.62405758608304,154.17847685842204,102.5048991461732,205.75143275429977
981760,2022-01-05,3,133.5831604719087,127.35795185885378,74.97659043497542,179.05566377990093
981760,2022-01-12,4,133.82603473657662,114.74265569231044,58.74788822026115,169.2395748599971
981760,2022-01-19,5,133.88753794891153,125.63073846491503,73.76225552166531,178.34830827238628
981760,2022-01-26,6,133.90311244846868,143.8749902113714,90.47631295040124,198.1723111092542
981760,2022-02-02,7,133.9070563893987,144.64352549344486,93.41147265239766,196.18853352172852
981760,2022-02-09,8,133.9080551161958,119.85353644043462,65.14089215270559,171.6424188512509
981760,2022-02-16,9,133.90830802445,86.04721895418902,36.97878787183596,140.47924875110533
981760,2022-02-23,10,133.90837206857623,68.1154706363076,17.252920835961955,120.5852090555575
981760,2022-03-02,11,133.90838828651312,76.70439770004276,24.87311302027761,123.86140104156142
981760,2022-03-09,12,133.90839239339212,100.8784832780471,51.61099725631359,155.11745424440772
8090521,2021-12-22,1,114.05862745098041,178.46820065249736,75.1765240700442,294.28625254385133
8090521,2021-12-29,2,114.05862745098041,196.37927909199482,77.83920826437077,305.16307665113266
8090521,2022-01-05,3,114.05862745098041,141.4496056462592,35.00223721123344,253.26436192191764
8090521,2022-01-12,4,114.05862745098041,72.15247176380359,-32.50444491233979,177.27151850829176
8090521,2022-01-19,5,114.05862745098041,60.36558344264013,-50.536474816885,171.641370189332
8090521,2022-01-26,6,114.05862745098041,105.87867876592844,1.0229810570565951,218.42142977332978
8090521,2022-02-02,7,114.05862745098041,139.11859585530868,33.26790224514084,239.57837269624673
8090521,2022-02-09,8,114.05862745098041,107.98052488370817,3.803653406541916,211.4873910031315
8090521,2022-02-16,9,114.05862745098041,44.21479895425887,-65.59651708418701,147.36297917692053
8090521,2022-02-23,10,114.05862745098041,29.760823284345335,-80.1049921739993,143.41547971747792
8090521,2022-03-02,11,114.05862745098041,102.07530075186268,-4.895252368958071,214.08241174320605
8090521,2022-03-09,12,114.05862745098041,208.150933549342,99.53210570892406,320.2564572271256
986912,2021-12-22,1,101.67317424267256,107.4485167816254,78.48523245505767,137.19125001146804
986912,2021-12-29,2,101.21851740274406,99.6485696295825,72.68139651931212,126.88342977526116
986912,2022-01-05,3,100.76589367374804,88.92968039649804,58.81196163887027,116.77336780852669
986912,2022-01-12,4,100.31529396412424,76.12281324307597,48.82843225183626,104.21149399103597
986912,2022-01-19,5,99.86670922296756,64.17168564904992,35.467408818142154,95.10682812385427
986912,2022-01-26,6,99.42013043984625,57.93531681431064,29.948041186164208,84.80728702014474
986912,2022-02-02,7,98.97554864462097,60.87241122510966,31.741860839917297,89.27249245859242
986912,2022-02-09,8,98.53295490726457,71.48848155153907,44.05747827108351,101.34700624830752
986912,2022-02-16,9,98.09234033768273,83.5595163396736,55.8267926514553,111.76352724572513
986912,2022-02-23,10,97.6536960855354,90.61897899957964,60.19456311406814,118.49535621813634
986912,2022-03-02,11,97.21701334005903,90.77529104343984,61.50743340788367,118.58749739623151
986912,2022-03-09,12,96.78228332988957,87.51043303573901,59.11582163685959,114.76536602913067
8090537,2021-12-22,1,107.59294117647059,215.08063299468625,106.59016710320466,334.7844432626646
8090537,2021-12-29,2,107.59294117647059,232.00417314475993,123.15441573310213,338.26591310496553
8090537,2022-01-05,3,107.59294117647059,155.24388076953954,50.012339851917154,267.10184193057745
8090537,2022-01-12,4,107.59294117647059,62.72665855757483,-41.19306805605502,175.55096057611348
8090537,2022-01-19,5,107.59294117647059,42.496514157992166,-57.02954738501783,147.57133774768775
8090537,2022-01-26,6,107.59294117647059,92.45419733199111,-21.428796381880492,204.15230753642237
8090537,2022-02-02,7,107.59294117647059,129.6949030746668,21.549637709319626,236.1554845884228
8090537,2022-02-09,8,107.59294117647059,95.15563110878108,-17.534277691629697,206.04400752732414
8090537,2022-02-16,9,107.59294117647059,27.104948241711156,-74.63592936735587,139.23081713704659
8090537,2022-02-23,10,107.59294117647059,16.933430439190502,-86.2628446698978,135.74498312605797
8090537,2022-03-02,11,107.59294117647059,101.13126592498624,-7.395956189793746,219.82587868142144
8090537,2022-03-09,12,107.59294117647059,215.86204897033585,104.60892286831624,327.0356784384125
854852,2021-12-22,1,119.05778772572378,93.59012228378322,60.12482111440838,127.9503605237569
854852,2021-12-29,2,94.27340867664108,90.47102616723589,57.573155926922254,124.64728925401944
854852,2022-01-05,3,108.12334687049628,101.71861939624807,69.65505531553687,135.8879760844477
854852,2022-01-12,4,99.20032252452941,121.18632514820393,86.8438699098305,154.95254275076346
854852,2022-01-19,5,103.86676989334083,137.15300333255811,105.64053188073325,169.98600854289876
854852,2022-01-26,6,100.56777863519291,143.78625976006205,110.66604823291436,176.48229099989246
854852,2022-02-02,7,102.06095827591759,145.51680725882088,112.10100909480653,179.0791790962736
854852,2022-02-09,8,100.77853209077347,150.40730498083676,117.8269656449479,182.05754753720066
854852,2022-02-16,9,101.19501500278571,160.48851284442915,125.66132684983504,195.87719055437572
854852,2022-02-23,10,100.65217291984764,169.75498727698255,136.87442499734738,200.41727074974608
854852,2022-03-02,11,100.71829423408151,171.5662342929633,141.334744328483,204.68975980829336
854852,2022-03-09,12,100.45873239694826,166.81476424736653,134.99145267547757,198.3556382019235
878996,2021-12-22,1,110.63557286769337,154.97050605104786,102.54468052002065,213.62153567127314
878996,2021-12-29,2,91.81996956771191,158.18309489523247,103.15695123569189,215.9420995495924
878996,2022-01-05,3,100.26414583834972,159.8524899754187,107.60417782456466,210.76480330285642
878996,2022-01-12,4,96.47451912520187,157.46328164130864,109.12867024856665,216.34065368794396
878996,2022-01-19,5,98.17524992057157,157.65490898785427,104.00452785967008,215.32635236732094
878996,2022-01-26,6,97.41198602751224,162.80856566962868,112.0964485992884,218.96671052119908
878996,2022-02-02,7,97.75452805240775,160.92120732891462,107.21952648184194,214.20996227967302
878996,2022-02-09,8,97.60080004314845,136.42164957562534,85.10288723693479,187.57529627988674
878996,2022-02-16,9,97.66979099641334,92.78573624033584,39.47007084321828,140.87537806477602
878996,2022-02-23,10,97.63882883372527,58.872053598844474,2.219213872932048,114.33745623287554
878996,2022-03-02,11,97.65272421381432,66.05276589985519,11.571142245874706,117.67147788475675
878996,2022-03-09,12,97.64648816403432,117.17995547166923,64.37578262679789,173.22670435007288
1000753,2021-12-22,1,94.42392156862746,90.07570418546513,-18.251328737447384,194.82840770253074
1000753,2021-12-29,2,94.42392156862746,67.11150172654314,-40.98551961501382,182.04556144255307
1000753,2022-01-05,3,94.42392156862746,48.46600308648402,-59.148457710218686,160.12114754573332
1000753,2022-01-12,4,94.42392156862746,48.9577810018052,-53.42221343413094,156.56886068558035
1000753,2022-01-19,5,94.42392156862746,63.200978017026586,-39.76606108655776,177.87494781856415
1000753,2022-01-26,6,94.42392156862746,79.78874197536126,-29.103851491902898,187.08714255250362
1000753,2022-02-02,7,94.42392156862746,97.24672555499852,-9.809339979103031,205.14746547012584
1000753,2022-02-09,8,94.42392156862746,118.87236681041759,9.25903396435926,227.37054012071837
1000753,2022-02-16,9,94.42392156862746,137.61967271793412,27.84300936857281,244.8431636925611
1000753,2022-02-23,10,94.42392156862746,137.9041842379484,26.46587012730125,251.39804524331254
1000753,2022-03-02,11,94.42392156862746,115.96420407459415,4.324996804452747,228.6545891333857
1000753,2022-03-09,12,94.42392156862746,90.32690453540133,-18.44468584333365,205.06245065422013
1004906,2021-12-22,1,88.9956754680577,107.1653833719758,53.39572191325301,166.08054042742486
1004906,2021-12-29,2,88.9956754680577,116.90257248405474,59.059483310263005,169.74389944085323
1004906,2022-01-05,3,88.9956754680577,128.4616274719225,72.41809250674858,182.9183268602547
1004906,2022-01-12,4,88.9956754680577,130.04350174171353,73.28665371894806,183.73804213755736
1004906,2022-01-19,5,88.9956754680577,118.65934358117411,61.20696565042247,176.45198683987184
1004906,2022-01-26,6,88.9956754680577,101.23548708884994,42.12579769648523,159.59327940636535
1004906,2022-02-02,7,88.9956754680577,87.29555928718813,33.075393632555404,139.90671418852787
1004906,2022-02-09,8,88.9956754680577,81.90356346415712,26.394113142459172,143.31664096354316
1004906,2022-02-16,9,88.9956754680577,84.7060343274211,29.998682511408642,137.4161259563521
1004906,2022-02-23,10,88.9956754680577,93.04781097325395,36.236583822038256,146.4197584818273
1004906,2022-03-02,11,88.9956754680577,104.10618679535696,51.13939233317781,162.66525818306292
1004906,2022-03-09,12,88.9956754680577,114.66152938022303,56.94175576437426,171.13281736691624
899624,2021-12-22,1,108.46852368200658,145.81313348503738,95.37098306945931,196.44227945323635
899624,2021-12-29,2,108.46852368200658,152.30856604834406,104.1450088509172,202.1551474457509
899624,2022-01-05,3,108.46852368200658,139.5346099436204,91.00173290447297,188.23283200018278
899624,2022-01-12,4,108.46852368200658,116.48997581446287,63.565225314247726,164.97594138875675
899624,2022-01-19,5,108.46852368200658,103.19686995647004,58.05746388941853,156.07745471666172
899624,2022-01-26,6,108.46852368200658,108.75001324779491,59.98584939744027,162.6458613875189
899624,2022-02-02,7,108.46852368200658,123.96905058904393,73.00608943560422,175.09328173737282
899624,2022-02-09,8,108.46852368200658,134.24907189443877,81.88518751596273,184.85066165932838
899624,2022-02-16,9,108.46852368200658,135.01220193094795,82.94670083435,189.2522645920362
899624,2022-02-23,10,108.46852368200658,132.56542172123324,80.95012412893767,181.69740444250303
899624,2022-03-02,11,108.46852368200658,133.1119552735202,83.51114882974753,184.1174049496997
899624,2022-03-09,12,108.46852368200658,135.60358098607054,85.0359667160917,184.76965962136543
1070702,2021-12-22,1,88.13411764705883,78.58610881322244,-50.55342378881634,204.613095617367
1070702,2021-12-29,2,88.13411764705883,106.44862180865967,-20.99353926844676,233.39684694700153
1070702,2022-01-05,3,88.13411764705883,115.21668791130128,-13.756133792988418,246.07347037030232
1070702,2022-01-12,4,88.13411764705883,94.42350199967245,-33.966936861537995,221.3673510314064
1070702,2022-01-19,5,88.13411764705883,60.599657279624466,-68.61138043246272,183.84874852969713
1070702,2022-01-26,6,88.13411764705883,41.46858963089521,-94.02506269841771,160.63977371234333
1070702,2022-02-02,7,88.13411764705883,48.903054025127204,-88.50734255391296,176.80546464418597
1070702,2022-02-09,8,88.13411764705883,69.34285581962496,-57.508228702761485,196.7326669415339
1070702,2022-02-16,9,88.13411764705883,80.59742080045793,-45.36251856756904,209.61222225138147
1070702,2022-02-23,10,88.13411764705883,76.04184626323828,-50.550020058440325,201.2569739333888
1070702,2022-03-02,11,88.13411764705883,71.08260934088284,-55.31437738240701,192.96764487547975
1070702,2022-03-09,12,88.13411764705883,86.3020823112155,-40.22695176255984,215.2541474597211
908531,2021-12-22,1,109.96939172895239,131.47790224511004,56.891797537552605,210.24846875042905
908531,2021-12-29,2,74.85274455215082,129.34147299255457,55.84357341253592,206.9589389553905
908531,2022-01-05,3,99.05728898586428,130.6837137610256,57.3637105445972,208.98706457157164
908531,2022-01-12,4,80.97695074945594,133.31439425202615,59.1397154905792,211.74911308149072
908531,2022-01-19,5,93.09985050395046,126.52064765228032,50.25562894547452,198.04479807766327
908531,2022-01-26,6,83.70857055004316,107.15978881340413,33.07617853337442,183.8000699585459
908531,2022-02-02,7,89.69885161311228,88.17228337378424,11.02484243167009,165.4745041901242
908531,2022-02-09,8,84.74640561820587,86.92528908926222,11.878713385946126,167.38630980078455
908531,2022-02-16,9,87.63064866459996,105.45468783668753,30.837035212799453,183.58913189761086
908531,2022-02-23,10,84.95230932087621,126.03899340827905,51.57675825600803,205.84928499715645
908531,2022-03-02,11,86.26970772214318,129.1504207400186,48.93974729842588,210.11570937488236
908531,2022-03-09,12,84.76237450982673,114.89636757500139,44.30467965167009,189.19117663435213
1075368,2021-12-22,1,86.19667034627233,85.60069517687775,56.2397460908165,114.18653093541509
1075368,2021-12-29,2,86.19667034627233,78.54839280942315,49.635192212040245,104.11552262080649
1075368,2022-01-05,3,86.19667034627233,73.60538542838019,47.462040034675695,101.44387065593156
1075368,2022-01-12,4,86.19667034627233,69.37761082809995,43.167198517309764,97.07690598291866
1075368,2022-01-19,5,86.19667034627233,67.77511876050637,40.740058389210965,94.47183184859335
1075368,2022-01-26,6,86.19667034627233,71.14617673187237,45.46371976072005,98.1194700097342
1075368,2022-02-02,7,86.19667034627233,77.89940214541444,48.90216694597147,104.63045813460928
1075368,2022-02-09,8,86.19667034627233,82.61321474329574,55.41117304049308,108.49598556583223
1075368,2022-02-16,9,86.19667034627233,81.01957485371926,54.796870530092285,109.65876031274638
1075368,2022-02-23,10,86.19667034627233,74.21030118403235,47.32270204265021,102.14160657565132
1075368,2022-03-02,11,86.19667034627233,67.35241940290442,40.231416474010906,95.07090985767033
1075368,2022-03-09,12,86.19667034627233,64.72231671328318,37.51559847429483,90.19918107311437
883404,2021-12-22,1,97.843974943241,88.59213343360337,67.17382434045982,112.68253676981723
883404,2021-12-29,2,97.843974943241,89.46041244046192,67.0759249849366,110.45262154754066
883404,2022-01-05,3,97.843974943241,92.91900223984103,71.68261929370918,115.26491344817356
883404,2022-01-12,4,97.843974943241,92.25461241148382,69.6022600822021,113.00970306365443
883404,2022-01-19,5,97.843974943241,85.46827940911706,62.92734931755481,107.12731103479493
883404,2022-01-26,6,97.843974943241,78.71340413181402,56.90521940774003,100.93518520338723
883404,2022-02-02,7,97.843974943241,79.47108978885542,58.40511514443182,102.57286469177568
883404,2022-02-09,8,97.843974943241,87.54383760722985,64.01489077501328,109.69491217248233
883404,2022-02-16,9,97.843974943241,95.00191517096944,74.29891780396416,117.34330775999867
883404,2022-02-23,10,97.843974943241,95.36937966803231,74.46289066399879,116.43728981005712
883404,2022-03-02,11,97.843974943241,91.00343148742351,66.82409231967026,111.14997914429502
883404,2022-03-09,12,97.843974943241,89.87791242075542,69.37431972713526,111.04522119131643
862349,2021-12-22,1,108.0571658577069,113.21664612875182,52.55320106391752,175.49236492767082
862349,2021-12-29,2,73.86179926538827,108.9706463047994,49.673781366214364,173.220554925648
862349,2022-01-05,3,100.664197599201,108.27243048837238,50.09420206228526,166.71271360834126
862349,2022-01-12,4,84.48868915392381,112.33615093363032,47.877797146937816,173.43630416696902
862349,2022-01-19,5,95.70728019657277,111.47461773498208,51.47502984964822,171.2146475386328
862349,2022-01-26,6,88.25464568686431,98.77546563934234,35.32139663790031,161.77197944136583
862349,2022-02-02,7,92.9677376246011,82.7146552805193,22.29034071185558,142.6230353103047
862349,2022-02-09,8,89.51201503490807,80.83410225490533,18.691484462400105,146.2421501222642
862349,2022-02-16,9,91.4326140743381,99.73112611902732,40.32452136724056,159.54809181619186
862349,2022-02-23,10,89.76792579997745,125.1640247011019,67.65793674537765,187.44343835143363
862349,2022-03-02,11,90.47411467559697,135.99110730758164,73.96591160774,197.48062940824786
862349,2022-03-09,12,89.60461756391713,127.41630130222525,68.70525853763992,186.2748561108788
961554,2021-12-22,1,103.98813921996287,86.57381143391731,61.02101673537899,109.23048401293732
961554,2021-12-29,2,104.33127587672297,87.04928342240204,60.16707082016234,111.43924685977748
961554,2022-01-05,3,104.6278209337363,87.12840935865582,63.19315529758525,113.11845378807097
961554,2022-01-12,4,104.88410066691712,82.71125963805109,55.93871038508026,108.933778281163
961554,2022-01-19,5,105.10558236113495,74.81717168980272,50.835870184933725,102.38615274768487
961554,2022-01-26,6,105.29699094528151,67.75245802954412,42.91885081252745,93.015719772569
961554,2022-02-02,7,105.46240979045685,64.80725560808418,40.37412481651701,90.60478871683566
961554,2022-02-09,8,105.60536782162951,66.4043525945169,37.79451737970821,89.38721243833771
961554,2022-02-16,9,105.72891480114751,71.18466303775611,45.54283215769283,97.633959321237
961554,2022-02-23,10,105.83568639014332,77.08223414660571,52.84399194406165,103.89497906120775
961554,2022-03-02,11,105.92796037580585,81.25404409357876,54.25556997812181,108.28281773752954
961554,2022-03-09,12,106.00770526403058,80.92529410898203,54.62094251533658,108.34126457378319
1058997,2021-12-22,1,118.47897859673478,133.43973935968629,84.63635162223974,187.81225918536586
1058997,2021-12-29,2,82.11480141394348,130.81681482858258,77.52483491126144,183.245168228144
1058997,2022-01-05,3,106.02923348853952,123.28061963901564,69.56974327274887,176.27066421658304
1058997,2022-01-12,4,90.95868735659822,116.54893441761135,60.61069662125829,166.77908358503126
1058997,2022-01-19,5,100.2857311487081,110.4769980305653,61.67254412943678,164.84216923487148
1058997,2022-01-26,6,94.01075250951904,102.37037161420164,53.63080483473477,154.68381731367325
1058997,2022-02-02,7,97.572943124439,94.24249747076104,42.63284610651389,148.8688276007576
1058997,2022-02-09,8,94.8758192327586,93.30157497176036,39.59383202169346,144.7781129893158
1058997,2022-02-16,9,96.13874409220014,103.64065294891405,52.353058657760194,156.7451233223969
1058997,2022-02-23,10,94.88806321136188,119.15621229020708,67.94388462855224,171.8786465384568
1058997,2022-03-02,11,95.230668504931,127.78489074277756,73.37675957979744,176.86466508301763
1058997,2022-03-09,12,94.56366676238471,124.00550493469545,71.15590889390519,176.99456356174014
1081177,2021-12-22,1,74.6043333185428,72.09902512284958,40.3016385329554,101.02541128749898
1081177,2021-12-29,2,74.6043333185428,71.44239090262246,37.90154858595683,101.84425599006072
1081177,2022-01-05,3,74.6043333185428,67.68654383448569,34.14244302625336,97.37691093826884
1081177,2022-01-12,4,74.6043333185428,62.160743948700095,33.305022578275626,92.95122027084086
1081177,2022-01-19,5,74.6043333185428,62.16530933099149,30.84104212227925,92.9887095860655
1081177,2022-01-26,6,74.6043333185428,70.37056317264265,42.01202710314512,102.97709422918703
1081177,2022-02-02,7,74.6043333185428,79.40494495045166,49.706508249340025,109.41741311565943
1081177,2022-02-09,8,74.6043333185428,79.99933616431827,50.26990624312189,111.22364080513731
1081177,2022-02-16,9,74.6043333185428,73.22367861541233,41.298404099051886,101.46022821660905
1081177,2022-02-23,10,74.6043333185428,70.7891975170475,40.02128674551508,102.10270357698136
1081177,2022-03-02,11,74.6043333185428,81.57718590277159,51.74798076196216,110.63988344815678
1081177,2022-03-09,12,74.6043333185428,100.28607747210346,70.8902629012122,129.52583152390164
854405,2021-12-22,1,75.85117647058824,58.738926790146266,4.228889155552207,112.33119268991642
854405,2021-12-29,2,75.85117647058824,43.078894176179055,-8.460408382032474,96.64973063926152
854405,2022-01-05,3,75.85117647058824,31.82860041166127,-26.77870208915249,88.34507563948551
854405,2022-01-12,4,75.85117647058824,24.063590165702045,-32.81469198790729,81.61298681095093
854405,2022-01-19,5,75.85117647058824,19.85068302861653,-36.867281834395385,76.06260319090998
854405,2022-01-26,6,75.85117647058824,25.191511049897905,-34.251758101768154,85.43116919693021
854405,2022-02-02,7,75.85117647058824,44.73846875438451,-11.669207969329905,102.50962785980595
854405,2022-02-09,8,75.85117647058824,71.1248004357592,13.35176112458658,126.82749261883473
854405,2022-02-16,9,75.85117647058824,86.71508961025863,32.53527796327316,145.8018694899557
854405,2022-02-23,10,75.85117647058824,79.32632340287792,19.324321730063993,136.33717331376843
854405,2022-03-02,11,75.85117647058824,55.605597471273995,-0.18743245427751656,112.12104857746644
854405,2022-03-09,12,75.85117647058824,36.70043736343135,-18.744851018066726,92.44951383102064
923746,2021-12-22,1,79.5538453968338,52.266125637473436,-1.6236474228633084,101.20582055321209
923746,2021-12-29,2,78.9444999258793,66.05593487010708,13.319957673700236,114.51810782543852
923746,2022-01-05,3,78.39832816161326,65.27760990854676,14.359453055312505,117.97444255859278
923746,2022-01-12,4,77.9087805891759,49.05158967421003,1.7439651807994663,101.11983722052565
923746,2022-01-19,5,77.46998671267193,36.8153103179823,-14.348699907153199,92.5700706617431
923746,2022-01-26,6,77.07668465808554,42.058568904516605,-10.60064595789743,94.85570520925263
923746,2022-02-02,7,76.72415807459191,56.43021079185898,9.650157193720904,109.42779580344144
923746,2022-02-09,8,76.40817957760598,62.8368341220769,12.852284867895197,113.87047599958115
923746,2022-02-16,9,76.12496005535597,57.9513198796985,6.693763679891619,109.20283432111229
923746,2022-02-23,10,75.8711032310826,54.24066325874891,1.9088784613678764,103.47000722662847
923746,2022-03-02,11,75.6435649359884,60.82027079860683,9.86069487200231,110.58479331683832
923746,2022-03-09,12,75.43961660455167,70.79715071795717,19.64264671202313,123.24631044970543
859075,2021-12-22,1,83.05653365300267,94.23775559289943,70.6509218047176,117.07016636744756
859075,2021-12-29,2,74.15540021034568,93.51037450935173,70.36778188890754,118.14008986726168
859075,2022-01-05,3,78.15607470432985,90.397061028676,66.70845333304919,114.916142017309
859075,2022-01-12,4,83.65459584449789,85.97332346524702,61.11891718654979,110.05530636782349
859075,2022-01-19,5,77.39780834170021,81.714277473575,57.74519773954351,105.8253504485622
859075,2022-01-26,6,78.27961997352041,79.60651449587507,54.88361973057183,104.45536494099342
859075,2022-02-02,7,80.75488024591834,81.19032333792872,55.94746483914376,105.3914795251811
859075,2022-02-09,8,79.33791209407075,85.9358494943934,63.463574371082096,110.36365877356941
859075,2022-02-16,9,78.5601080610656,90.97676154127448,65.64265579674347,114.47666967149515
859075,2022-02-23,10,79.76761546497846,93.25498519522529,67.902854171544,116.60408338256495
859075,2022-03-02,11,79.56087287706154,92.3169957890232,67.71001069432845,116.01501618518243
859075,2022-03-09,12,79.03732861710385,90.78280255155885,65.97980535842372,114.2059335748247
933835,2021-12-22,1,54.30945570004931,65.45540121467211,44.35542064834472,87.75162722016981
933835,2021-12-29,2,54.30945570004931,73.45159152076688,51.70375932351728,93.96304118060928
933835,2022-01-05,3,54.30945570004931,66.44394294463055,45.91486650490825,88.24901138392792
933835,2022-01-12,4,54.30945570004931,47.016338060887776,24.558458416986465,68.2745117874617
933835,2022-01-19,5,54.30945570004931,30.003034411131146,7.914736581174522,51.6510499040328
933835,2022-01-26,6,54.30945570004931,28.714829374802264,6.429643641929701,50.5000422987546
933835,2022-02-02,7,54.30945570004931,42.28176616052336,21.606981550332524,63.848509074377105
933835,2022-02-09,8,54.30945570004931,56.895365614227224,34.65772671661337,80.10795095808433
933835,2022-02-16,9,54.30945570004931,59.697116234567574,38.06890659538019,80.11243895523717
933835,2022-02-23,10,54.30945570004931,51.154742703164466,28.967313705151096,73.00068326931542
933835,2022-03-02,11,54.30945570004931,43.516149977565235,21.446501047085402,64.98233774003722
933835,2022-03-09,12,54.30945570004931,47.49666402363885,25.664841868109345,70.48572415087334
863447,2021-12-22,1,90.44607135958121,61.44783583050274,-39.50583921306974,158.99740224324074
863447,2021-12-29,2,90.15391444470188,34.68885085073308,-65.97545781050964,136.47612309360812
863447,2022-01-05,3,89.86270124867765,56.059946191537506,-41.1003706314671,161.24678794203336
863447,2022-01-12,4,89.5724287231286,89.02587587242367,-24.001473979763254,185.0406012220153
863447,2022-01-19,5,89.28309382952158,93.93664174220253,-8.110417176627436,198.046057249342
863447,2022-01-26,6,88.99469353913847,70.4599680706186,-36.96842202350085,177.95174464554168
863447,2022-02-02,7,88.70722483304445,49.70755739793488,-57.90971639566129,150.16254058654437
863447,2022-02-09,8,88.42068470205639,52.6041152929131,-49.92444514935707,159.81560691847324
863447,2022-02-16,9,88.13507014671137,67.77726045393224,-35.77409571455046,163.28652122018832
863447,2022-02-23,10,87.85037817723526,71.80843786666078,-31.879450504312235,181.88416403284702
863447,2022-03-02,11,87.56660581351142,60.70769716369203,-39.12225606262701,169.2186963363662
863447,2022-03-09,12,87.28375008504953,51.970813395379984,-47.97688986454097,161.25436926772497
12810393,2021-12-22,1,89.37190879266733,193.59294044118047,125.92144295366127,260.6540300189522
12810393,2021-12-29,2,121.62156132363853,223.27815017139537,157.1812800798951,291.3974846238941
12810393,2022-01-05,3,121.62156132363853,225.63492928438717,159.8888658285703,292.2114490200471
12810393,2022-01-12,4,121.62156132363853,199.44131752081398,131.8022850526406,268.23089538486715
12810393,2022-01-19,5,121.62156132363853,170.1056950690522,103.2443950387523,236.1918795565035
12810393,2022-01-26,6,121.62156132363853,164.7518779548933,102.51912264202733,233.02920284591013
12810393,2022-02-02,7,121.62156132363853,185.4556068820304,117.57253183952632,253.65930891465985
12810393,2022-02-09,8,121.62156132363853,209.8795439080683,145.62061719075666,278.1620998583839
12810393,2022-02-16,9,121.62156132363853,216.39120809622017,144.4532829414428,287.70316759918967
12810393,2022-02-23,10,121.62156132363853,204.2271548489746,138.29033873642018,276.3230553133772
12810393,2022-03-02,11,121.62156132363853,188.79898536518752,120.87870694685793,256.59185983376
12810393,2022-03-09,12,121.62156132363853,182.7128209653347,117.26460028294656,247.9199090701338
6544236,2021-12-22,1,38.818830769560634,76.77680578704657,3.370475979789604,151.71059713565847
6544236,2021-12-29,2,55.12365867771517,79.3989964597327,3.3433976069015645,150.8831079274438
6544236,2022-01-05,3,55.12365867771517,91.32988072920946,16.47963579795963,158.96184648272975
6544236,2022-01-12,4,55.12365867771517,102.63400096920577,27.701019665362278,172.7277772503956
6544236,2022-01-19,5,55.12365867771517,105.67032690983527,36.89491767036576,174.95046458239503
6544236,2022-01-26,6,55.12365867771517,105.01131215908089,34.26666099151164,180.42180885335813
6544236,2022-02-02,7,55.12365867771517,111.70204696088408,45.081852066230006,191.15695497363583
6544236,2022-02-09,8,55.12365867771517,129.98105767467047,57.77712797068179,206.62281572398558
6544236,2022-02-16,9,55.12365867771517,152.67762341622947,76.50292962662319,226.92876858385125
6544236,2022-02-23,10,55.12365867771517,169.3845512727388,92.6499967686616,238.9731641422301
6544236,2022-03-02,11,55.12365867771517,176.3243642413281,104.56382021636531,254.50557561217988
6544236,2022-03-09,12,55.12365867771517,177.13195591278497,105.92942369799403,248.20649280272133
839419,2021-12-22,1,70.29621907995681,76.17894932578027,22.795899380902345,130.69272915887495
839419,2021-12-29,2,73.23604340027102,73.96843038301654,24.122259929963903,126.89383209455896
839419,2022-01-05,3,67.86894008259819,78.0582309627854,28.8039230468144,127.60754568763652
839419,2022-01-12,4,63.65049536287669,87.2451466888906,33.96853593725988,135.92159271872617
839419,2022-01-19,5,64.52511768460396,95.73941588114769,46.56849757168932,150.94851125253376
839419,2022-01-26,6,67.62218832097292,96.55181614165,43.930285117855426,145.27867143766676
839419,2022-02-02,7,69.10336679219743,86.67076053063764,35.62676788324477,141.39086972533764
839419,2022-02-09,8,68.34109925545044,70.98221824874719,19.912947473101973,118.10025548253101
839419,2022-02-16,9,67.12524910632703,60.849528071197824,11.666763891733549,110.87395106645471
839419,2022-02-23,10,66.87144080197815,66.28811413757211,14.073931215281242,116.86611422672483
839419,2022-03-02,11,67.4230478166383,87.12907407359423,37.23246531195408,139.81178471633703
839419,2022-03-09,12,67.90385352091164,111.6329881740371,59.18735083858406,161.42211915603457
985999,2021-12-22,1,54.113276726731115,55.81087074465481,-41.85884538328891,150.63109463210506
985999,2021-12-29,2,81.82904498546694,44.08532570943515,-43.493116068311785,124.58063892678805
985999,2022-01-05,3,55.420628800121364,51.51664573102732,-41.76821614536578,140.44304388121586
985999,2022-01-12,4,80.58336067563431,63.08354146113135,-26.53110491516669,147.73835732982937
985999,2022-01-19,5,56.60755421321167,58.46273566974898,-32.44688414773263,147.19768776752935
985999,2022-01-26,6,79.45242250364363,38.00416722501883,-49.43426631192463,131.3702832720508
985999,2022-02-02,7,57.6851460608203,25.132068915998396,-65.41620737133141,115.06946926355016
985999,2022-02-09,8,78.42566063567287,38.854988854660284,-51.84862046807418,128.58182551663842
985999,2022-02-16,9,58.66347559798072,68.5632206221976,-21.275258868793152,159.77094703725226
985999,2022-02-23,10,77.49347887752856,83.72692287942303,-2.1632369540864502,179.71238142130196
985999,2022-03-02,11,59.551686366653996,69.44645575509033,-22.67844721191219,160.22695201956176
985999,2022-03-09,12,76.6471649878879,45.26273353922856,-47.36445057739068,134.76106826504076
12810391,2021-12-22,1,26.513872481016335,128.92739749846285,-4.792576469410024,260.65756586763837
12810391,2021-12-29,2,52.382812784797906,164.4993432478043,17.362281841393933,297.35542978515923
12810391,2022-01-05,3,82.45721490058128,209.18895308688786,70.76373006617965,347.95422918138206
12810391,2022-01-12,4,103.57717363367837,227.16062275254313,84.02832752153192,362.5570391903988
12810391,2022-01-19,5,75.62268875659613,206.89009021381415,66.86406394958925,345.47115425069114
12810391,2022-01-26,6,74.64153645027378,169.25981721241882,38.211387941265265,314.3251159703846
12810391,2022-02-02,7,82.33797535068273,142.68934981024543,-1.5096894274426687,284.7013557140388
12810391,2022-02-09,8,84.59297566042422,138.25221279811947,0.39289028713648627,287.2950580382697
12810391,2022-02-16,9,80.52229795032551,149.66950043600002,2.830028434983849,296.5413220995323
12810391,2022-02-23,10,80.04704161370853,168.43427097148273,24.612364500439206,309.0477531821281
12810391,2022-03-02,11,81.49683208047944,190.26279128658402,44.135442839539486,328.37943565169223
12810391,2022-03-09,12,81.79972657373182,208.80707722711222,56.88647016245964,346.72254443821123
1068719,2021-12-22,1,59.595259669060546,60.00251099665281,24.119937757183298,93.07224339347532
1068719,2021-12-29,2,59.595259669060546,57.833383571872055,23.201396012909445,90.977899629867
1068719,2022-01-05,3,59.595259669060546,52.85305598727632,19.18679947228701,86.19385418183539
1068719,2022-01-12,4,59.595259669060546,52.79388219790862,19.264950256072435,87.03084336900069
1068719,2022-01-19,5,59.595259669060546,59.75043709919169,27.254829639629413,92.23154825761098
1068719,2022-01-26,6,59.595259669060546,66.25043396005849,33.78245377166362,100.68931287933997
1068719,2022-02-02,7,59.595259669060546,63.786538212517335,30.96802098931941,96.781776660509
1068719,2022-02-09,8,59.595259669060546,53.16761706115905,18.69306678792382,86.31283582954615
1068719,2022-02-16,9,59.595259669060546,43.831420100450075,8.775445380914038,80.34994677424724
1068719,2022-02-23,10,59.595259669060546,43.31007236672333,11.380551478327616,73.14654724704573
1068719,2022-03-02,11,59.595259669060546,50.076098396485484,12.650931479995995,83.46621050599708
1068719,2022-03-09,12,59.595259669060546,57.824955413446816,22.076321994966335,92.56638926972039
948670,2021-12-22,1,67.79843137254903,70.48858015383207,-15.602970203517025,154.33334701270942
948670,2021-12-29,2,67.79843137254903,72.99027662355978,-7.536438043974415,156.75379809908645
948670,2022-01-05,3,67.79843137254903,76.24220707523158,-5.662466500048262,156.45643849610278
948670,2022-01-12,4,67.79843137254903,75.15908113614215,-4.509441514748986,155.59840511209433
948670,2022-01-19,5,67.79843137254903,67.16940442828975,-9.712884041822093,151.24755877959794
948670,2022-01-26,6,67.79843137254903,57.38310365233424,-22.0769612751641,136.4041940769591
948670,2022-02-02,7,67.79843137254903,55.139319097652326,-25.979608154606517,130.6167416713515
948670,2022-02-09,8,67.79843137254903,64.90533295691719,-17.205987112125822,144.68520026252003
948670,2022-02-16,9,67.79843137254903,81.2095445529297,-3.802138202624761,160.7553861541364
948670,2022-02-23,10,67.79843137254903,93.05989265132737,18.44086365424588,177.7895307556091
948670,2022-03-02,11,67.79843137254903,93.40344149177561,13.114364140955825,170.3147567192485
948670,2022-03-09,12,67.79843137254903,84.5262241905962,0.352208219829404,163.1672775032909
